{"positive_percentage": 11.428571428571429, "negative_percentage": 5.714285714285714}